NIM,NAMA,UTS,UAS,TGS1,TGS2,TGS3,RATA2TGS,N_AKHIR,KETERANGAN,GRADE
24097321,ADIT,78,75,80,65,90,78.33333333333333,76.89999999999999,LULUS,B
24099384,DENIS,90,94,88,87,90,88.33333333333333,91.1,LULUS,A
247738461,DEWI RATNA,90,99,98,97,88,94.33333333333333,94.89999999999999,LULUS,A
24889002,KELSY,88,90,90,98,98,95.33333333333333,91.0,LULUS,A
246382212,XAVIRA,90,97,95,99,98,97.33333333333333,95.0,LULUS,A
24809321,NATHANAEL,90,85,88,78,90,85.33333333333333,86.6,LULUS,A
24563721,STEVY,90,98,88,90,67,81.66666666666667,90.7,LULUS,A
