NIM,NAMA,UTS,UAS,TGS1,TGS2,TGS3,RATA2TGS,N_AKHIR,KETERANGAN,GRADE
24088983,ADIT,88,87,90,92,80,87.33333333333333,87.4,LULUS,A
24097321,ADIT,78,75,80,65,90,78.33333333333333,76.89999999999999,LULUS,B
