NIM,NAMA,UTS,UAS,TGS1,TGS2,TGS3,RATA2TGS,N_AKHIR,KETERANGAN,GRADE
24097321,ADIT,78.0,75.0,80.0,65.0,90.0,78.33333333333333,76.9,LULUS,B
24099384,DENIS,90.0,94.0,88.0,87.0,90.0,88.33333333333333,91.1,LULUS,A
24536645,JESIKA,90.0,99.0,0.0,0.0,0.0,,66.6,TIDAK LULUS,D
24536647,KELSY,98.0,100.0,0.0,0.0,0.0,,69.4,TIDAK LULUS,D
24621728,SANA,97.0,88.0,90.0,99.0,98.0,95.66666666666669,93.0,LULUS,A
24536270,JARWO,75.0,80.0,70.0,65.0,73.0,69.33333333333333,75.3,LULUS,C
